time,x,y
0.000000000000000000e+00,5.488135039273247529e-01,8.983027254451283472e-01
1.000000000000000000e+00,7.151893663724194772e-01,1.019279384513077202e+00
2.000000000000000000e+00,6.027633760716438749e-01,2.849591246679636480e+00
3.000000000000000000e+00,5.448831829968968643e-01,7.858333437999157622e-01
4.000000000000000000e+00,4.236547993389047084e-01,5.009833620058170567e-01
5.000000000000000000e+00,6.458941130666561170e-01,1.021351223843548706e+00
6.000000000000000000e+00,4.375872112626925103e-01,8.088655513005627018e-02
7.000000000000000000e+00,8.917730007820797722e-01,1.192753849065216087e+00
8.000000000000000000e+00,9.636627605010292807e-01,6.349447834537422786e-01
9.000000000000000000e+00,3.834415188257777052e-01,-7.913275480411836593e-01
1.000000000000000000e+01,7.917250380826645895e-01,9.414134488661392020e-01
1.100000000000000000e+01,5.288949197529044799e-01,6.824569060698006950e-01
1.200000000000000000e+01,5.680445610939323098e-01,-6.324233020679832507e-01
1.300000000000000000e+01,9.255966382926610336e-01,9.328658453854782318e-01
1.400000000000000000e+01,7.103605819788694209e-02,2.489355962074480288e+00
1.500000000000000000e+01,8.712929970154070780e-02,1.521303748275713685e+00
1.600000000000000000e+01,2.021839744032571939e-02,1.611927192731157810e+00
1.700000000000000000e+01,8.326198455479379978e-01,-3.414967255830425596e-01
1.800000000000000000e+01,7.781567509498504842e-01,1.476898368922222371e+00
1.900000000000000000e+01,8.700121482468191614e-01,1.148449581380078133e+00
2.000000000000000000e+01,9.786183422327640047e-01,1.529045238334431733e+00
2.100000000000000000e+01,7.991585642167235992e-01,1.422628621708825758e+00
2.200000000000000000e+01,4.614793622529318462e-01,-3.597807255038136809e-01
2.300000000000000000e+01,7.805291762864554617e-01,9.585991884420326237e-01
2.400000000000000000e+01,1.182744258689332195e-01,2.421291395748339514e-01
2.500000000000000000e+01,6.399210213275238202e-01,9.499159057151779217e-01
2.600000000000000000e+01,1.433532874090464038e-01,1.025990730981695132e-01
2.700000000000000000e+01,9.446689170495838894e-01,2.312470367140996075e+00
2.800000000000000000e+01,5.218483217500716753e-01,1.410276115556576837e-01
2.900000000000000000e+01,4.146619399905235870e-01,1.010578435344640091e-01
3.000000000000000000e+01,2.645556121046269693e-01,1.074586406543553530e+00
3.100000000000000000e+01,7.742336894342166653e-01,-7.709906940399480213e-02
3.200000000000000000e+01,4.561503322165485486e-01,5.753366975671343475e-01
3.300000000000000000e+01,5.684339488686485087e-01,1.700354024620380766e-01
3.400000000000000000e+01,1.878980043635514185e-02,2.411172063889611472e+00
3.500000000000000000e+01,6.176354970758770602e-01,1.785803826831172447e+00
3.600000000000000000e+01,6.120957227224214092e-01,9.425304815346053910e-01
3.700000000000000000e+01,6.169339968747569181e-01,6.087829478259837446e-01
3.800000000000000000e+01,9.437480785146241669e-01,1.940917614575113248e+00
3.900000000000000000e+01,6.818202991034834071e-01,1.405204080322888016e+00
4.000000000000000000e+01,3.595079005737860101e-01,1.498052404682856720e+00
4.100000000000000000e+01,4.370319537993414549e-01,9.738077626557495314e-01
4.200000000000000000e+01,6.976311959272648577e-01,-6.882300277714321624e-01
4.300000000000000000e+01,6.022547162926983333e-02,8.875340174404472426e-01
4.400000000000000000e+01,6.667667154456676792e-01,4.675100807909322587e-01
4.500000000000000000e+01,6.706378696181594101e-01,1.645055273459876899e+00
4.600000000000000000e+01,2.103825610738409013e-01,2.011842432994189078e+00
4.700000000000000000e+01,1.289262976548533057e-01,3.420489552388313870e-01
4.800000000000000000e+01,3.154283509241838646e-01,1.468385234277051588e+00
4.900000000000000000e+01,3.637107709426226076e-01,2.735878997685713188e+00
5.000000000000000000e+01,5.701967704178796392e-01,3.322872794294410292e-01
5.100000000000000000e+01,4.386015134623203471e-01,2.681921740073137883e+00
5.200000000000000000e+01,9.883738380592261841e-01,1.474141528293529957e-01
5.300000000000000000e+01,1.020448107480280697e-01,1.022959755607951493e+00
5.400000000000000000e+01,2.088767560948346924e-01,9.888543881581587369e-01
5.500000000000000000e+01,1.613095178849962563e-01,1.011498899870062473e+00
5.600000000000000000e+01,6.531083254653984316e-01,1.623219580920547411e-01
5.700000000000000000e+01,2.532916025397821125e-01,4.088168962355702707e-01
5.800000000000000000e+01,4.663107728563062881e-01,3.322797136406006047e-01
5.900000000000000000e+01,2.444255920016027428e-01,1.326962595404457268e+00
6.000000000000000000e+01,1.589695836455197187e-01,1.330035114510311534e+00
6.100000000000000000e+01,1.103751411643051350e-01,3.225944331738258786e+00
6.200000000000000000e+01,6.563295894652734219e-01,2.370989006291121193e+00
6.300000000000000000e+01,1.381829513486138028e-01,4.901567578615209086e-01
6.400000000000000000e+01,1.965823616800534968e-01,1.324869615796186118e+00
6.500000000000000000e+01,3.687251706609641078e-01,1.997117980791759617e+00
6.600000000000000000e+01,8.209932298479351021e-01,1.030601824338517769e+00
6.700000000000000000e+01,9.710127579306127021e-02,9.303584215530644741e-01
6.800000000000000000e+01,8.379449074988039037e-01,1.051574942769889054e+00
6.900000000000000000e+01,9.609840789396306704e-02,1.867276628808427930e+00
7.000000000000000000e+01,9.764594650133957554e-01,1.516794771947674869e-01
7.100000000000000000e+01,4.686512016477015763e-01,6.743305311798257762e-01
7.200000000000000000e+01,9.767610881903371345e-01,1.470433144846481799e+00
7.300000000000000000e+01,6.048455197450459675e-01,1.311447071554155519e+00
7.400000000000000000e+01,7.392635793983016734e-01,1.239582759856391325e+00
7.500000000000000000e+01,3.918779225432067470e-02,6.301988336961967807e-01
7.600000000000000000e+01,2.828069625764095818e-01,1.972535789142536800e+00
7.700000000000000000e+01,1.201965612131689065e-01,3.133868247204537383e+00
7.800000000000000000e+01,2.961401975221449323e-01,1.406415493676206108e+00
7.900000000000000000e+01,1.187277189542440547e-01,8.068232984501600979e-01
8.000000000000000000e+01,3.179831793939760232e-01,1.755740288894542589e+00
8.100000000000000000e+01,4.142629945146699688e-01,4.608673632470100534e-01
8.200000000000000000e+01,6.414749634878436080e-02,2.503096552971033617e-01
8.300000000000000000e+01,6.924721193700198452e-01,1.032808747613711775e+00
8.400000000000000000e+01,5.666014542065751503e-01,-1.582796632969944550e+00
8.500000000000000000e+01,2.653894909394454160e-01,-1.539503636520094254e-01
8.600000000000000000e+01,5.232480534666996697e-01,6.520381440791541694e-01
8.700000000000000000e+01,9.394051075844167542e-02,-3.533888581477133695e-01
8.800000000000000000e+01,5.759464955561792721e-01,-3.264310189212960012e-02
8.900000000000000000e+01,9.292961975762140669e-01,5.632516625419925482e-01
9.000000000000000000e+01,3.185689524513236615e-01,-6.429652935306091610e-01
9.100000000000000000e+01,6.674103799636816881e-01,5.939282037401680814e-01
9.200000000000000000e+01,1.317978624043921743e-01,4.647298354671555165e-01
9.300000000000000000e+01,7.163272041185655414e-01,1.025405208385016032e+00
9.400000000000000000e+01,2.894060929472010990e-01,2.154184030494019186e+00
9.500000000000000000e+01,1.831913620071168314e-01,1.172504416492865964e+00
9.600000000000000000e+01,5.865129348100831530e-01,1.021062021342063586e+00
9.700000000000000000e+01,2.010754618749355238e-02,1.099454457030711652e+00
9.800000000000000000e+01,8.289400292173630946e-01,1.227392775121128432e+00
9.900000000000000000e+01,4.695476192547065608e-03,-1.673864860976892466e-02
1.000000000000000000e+02,6.778165367962301069e-01,8.852246752292017851e-01
1.010000000000000000e+02,2.700079731921648518e-01,1.308751241836613177e+00
1.020000000000000000e+02,7.351940221225948813e-01,-3.707599825430605289e-01
1.030000000000000000e+02,9.621885451174382320e-01,1.865652922815853376e+00
1.040000000000000000e+02,2.487531435199580310e-01,2.081376034458189750e+00
1.050000000000000000e+02,5.761573344178368972e-01,3.686240115506111970e-01
1.060000000000000000e+02,5.920419312718390170e-01,7.586622085468954779e-01
1.070000000000000000e+02,5.722519057908733719e-01,1.218096571899268676e-01
1.080000000000000000e+02,2.230816326406183103e-01,1.699380483587817015e+00
1.090000000000000000e+02,9.527490115169849894e-01,-6.122228744590918481e-02
1.100000000000000000e+02,4.471253786176273559e-01,7.775229897570796744e-01
1.110000000000000000e+02,8.464086724711278320e-01,1.410800921923284212e-01
1.120000000000000000e+02,6.994792753175043121e-01,1.050954277011289406e+00
1.130000000000000000e+02,2.974369508551336638e-01,-7.942292714897210004e-01
1.140000000000000000e+02,8.137978197024772209e-01,2.326461642365693194e+00
1.150000000000000000e+02,3.965057408469846445e-01,3.539357579373603180e-02
1.160000000000000000e+02,8.811031971111615846e-01,1.059894683116276104e+00
1.170000000000000000e+02,5.812728726358586950e-01,7.874769552296907449e-01
1.180000000000000000e+02,8.817353618548527949e-01,2.378854880775018721e-01
1.190000000000000000e+02,6.925315900777658795e-01,1.122198633640646426e-01
1.200000000000000000e+02,7.252542798196405238e-01,1.936398543552459550e+00
1.210000000000000000e+02,5.013243819267022561e-01,4.743594068980603318e-01
1.220000000000000000e+02,9.560836347232238852e-01,1.271170184637310907e+00
1.230000000000000000e+02,6.439901992296374056e-01,1.985031146056251972e-01
1.240000000000000000e+02,4.238550485581796812e-01,3.528185681522393313e-01
1.250000000000000000e+02,6.063932141279243515e-01,1.472247150087848677e+00
1.260000000000000000e+02,1.919319830933352566e-02,1.930408496111116312e+00
1.270000000000000000e+02,3.015748166745493286e-01,8.246835976729800510e-01
1.280000000000000000e+02,6.601735374926850364e-01,-4.219198716404368721e-01
1.290000000000000000e+02,2.900776072104440662e-01,2.997956079750004665e+00
1.300000000000000000e+02,6.180154289988415428e-01,1.434506917657905056e-01
1.310000000000000000e+02,4.287687009457661347e-01,-5.415873996717874839e-01
1.320000000000000000e+02,1.354740642224502301e-01,3.594424587768151991e+00
1.330000000000000000e+02,2.982823259560307694e-01,5.959677061490629146e-01
1.340000000000000000e+02,5.699649107012648708e-01,-4.617326882614081196e-01
1.350000000000000000e+02,5.908727612481732283e-01,3.165602332113182094e-01
1.360000000000000000e+02,5.743252488495788066e-01,1.367544896022268919e+00
1.370000000000000000e+02,6.532008198571336299e-01,1.190311557593939806e+00
1.380000000000000000e+02,6.521032700016888839e-01,1.482708027464100242e-01
1.390000000000000000e+02,4.314184354339739569e-01,2.822723600127959642e+00
1.400000000000000000e+02,8.965465958510629996e-01,4.784203220066268747e-01
1.410000000000000000e+02,3.675618700478965328e-01,-1.846865904115519985e-01
1.420000000000000000e+02,4.358649252656268125e-01,1.960693398460659598e+00
1.430000000000000000e+02,8.919233550156721035e-01,2.329062846539682319e+00
1.440000000000000000e+02,8.061939890460857461e-01,1.825069023837735394e-01
1.450000000000000000e+02,7.038885835403663194e-01,-4.013472930393104932e-01
1.460000000000000000e+02,1.002268873123011161e-01,2.030438267415604514e+00
1.470000000000000000e+02,9.194826137446735492e-01,-1.047323613057961733e+00
1.480000000000000000e+02,7.142412995491114192e-01,-2.266216593966154935e-01
1.490000000000000000e+02,9.988470065678665133e-01,1.967446150050235154e+00
1.500000000000000000e+02,1.494483046579937469e-01,9.446474519776104639e-01
1.510000000000000000e+02,8.681260573682142434e-01,7.360626514073120852e-01
1.520000000000000000e+02,1.624929346763748228e-01,1.352816606494378293e+00
1.530000000000000000e+02,6.155595642838441739e-01,8.472255764545912893e-01
1.540000000000000000e+02,1.238199828494415122e-01,-2.986867221630902236e-01
1.550000000000000000e+02,8.480082293222344081e-01,2.276075346006187772e+00
1.560000000000000000e+02,8.073189587250106936e-01,2.325014052886815286e+00
1.570000000000000000e+02,5.691007386145933156e-01,1.205332563777959720e+00
1.580000000000000000e+02,4.071832972259996630e-01,1.045134015432010344e+00
1.590000000000000000e+02,6.916699545513804726e-02,3.339624806020057957e+00
1.600000000000000000e+02,6.974287731445636407e-01,7.235671549841627970e-01
1.610000000000000000e+02,4.535426826780688536e-01,7.404230181659605670e-01
1.620000000000000000e+02,7.220555994703479197e-01,1.364481249240505623e+00
1.630000000000000000e+02,8.663823259286291822e-01,2.471321956142338294e+00
1.640000000000000000e+02,9.755215050028858137e-01,2.592770754417483836e+00
1.650000000000000000e+02,8.558033423926110217e-01,7.414273683232287526e-01
1.660000000000000000e+02,1.171408418500197168e-02,1.308331245959345246e+00
1.670000000000000000e+02,3.599780644783638905e-01,-3.780834670640771389e-01
1.680000000000000000e+02,7.299905624240580204e-01,6.880238920837871142e-01
1.690000000000000000e+02,1.716296772614405164e-01,1.597096045206934933e-01
1.700000000000000000e+02,5.210366062041292823e-01,-6.831752298983806426e-03
1.710000000000000000e+02,5.433798833925362892e-02,2.681576716267327853e+00
1.720000000000000000e+02,1.999965248964000741e-01,2.077133381938550682e-01
1.730000000000000000e+02,1.852179446061397172e-02,4.683940919885450915e-01
1.740000000000000000e+02,7.936977033574206253e-01,1.365848787916858154e+00
1.750000000000000000e+02,2.239246880603801282e-01,2.297825266973585467e+00
1.760000000000000000e+02,3.453516806969026964e-01,1.481115126388835357e+00
1.770000000000000000e+02,9.280812934655908730e-01,3.759355114021582178e+00
1.780000000000000000e+02,7.044144019235327736e-01,9.253320217488504307e-01
1.790000000000000000e+02,3.183892953130784687e-02,1.258716440229746159e+00
1.800000000000000000e+02,1.646941564979127470e-01,1.275600673984056410e+00
1.810000000000000000e+02,6.214784014997635220e-01,2.435049386789154724e+00
1.820000000000000000e+02,5.772285886041675917e-01,1.507238951109615144e+00
1.830000000000000000e+02,2.378928213745086229e-01,8.837702996128509181e-01
1.840000000000000000e+02,9.342139979247937598e-01,5.251140509312046678e-02
1.850000000000000000e+02,6.139659559658959820e-01,1.244443455961632639e+00
1.860000000000000000e+02,5.356328030249583039e-01,2.401344831291959636e+00
1.870000000000000000e+02,5.899099763545709862e-01,5.896182063421293584e-01
1.880000000000000000e+02,7.301220295167696328e-01,1.528943618416582328e+00
1.890000000000000000e+02,3.119449954796018609e-01,1.246147788684844215e+00
1.900000000000000000e+02,3.982210622160918811e-01,1.863519658381314503e+00
1.910000000000000000e+02,2.098437489751221463e-01,1.952462593621306919e-01
1.920000000000000000e+02,1.861930058803361598e-01,3.346647030526561650e+00
1.930000000000000000e+02,9.443723899839335800e-01,-2.791611070282582485e-01
1.940000000000000000e+02,7.395507950492875571e-01,6.344489100139627524e-01
1.950000000000000000e+02,4.904588086175670769e-01,1.938092540905645533e+00
1.960000000000000000e+02,2.274146279733232356e-01,1.296733172494113351e+00
1.970000000000000000e+02,2.543564817703929393e-01,1.829986159081103292e+00
1.980000000000000000e+02,5.802916032387561707e-02,5.038976660174376843e-01
1.990000000000000000e+02,4.344166255581207725e-01,9.251950173196589189e-01
2.000000000000000000e+02,3.117958819941025750e-01,1.012231983638817390e+00
2.010000000000000000e+02,6.963434888154594882e-01,2.569259614535904568e+00
2.020000000000000000e+02,3.777518392924809065e-01,1.690429024383048873e+00
2.030000000000000000e+02,1.796036775596348001e-01,1.796672108364671505e+00
2.040000000000000000e+02,2.467872839133122831e-02,3.420739074632047627e-01
2.050000000000000000e+02,6.724963146324858254e-02,1.968882638563050680e+00
2.060000000000000000e+02,6.793927734985673039e-01,1.225581663568803492e+00
2.070000000000000000e+02,4.536968445560453089e-01,2.389145315677927428e+00
2.080000000000000000e+02,5.365792111087221983e-01,3.014060154918468015e+00
2.090000000000000000e+02,8.966712930403420989e-01,6.932342239729953892e-01
2.100000000000000000e+02,9.903389473967043610e-01,5.936968695549373898e-01
2.110000000000000000e+02,2.168969843984739354e-01,1.359550088976304583e-01
2.120000000000000000e+02,6.630782031001007937e-01,8.564204882836794486e-01
2.130000000000000000e+02,2.633223767371506430e-01,6.179745510496164052e-01
2.140000000000000000e+02,2.065099946572868106e-02,1.359504399571010103e+00
2.150000000000000000e+02,7.583786538361414475e-01,8.554331830662640357e-01
2.160000000000000000e+02,3.200171508224678441e-01,6.384007192183802637e-01
2.170000000000000000e+02,3.834638941718979677e-01,2.064585136127851772e+00
2.180000000000000000e+02,5.883171135536057195e-01,6.211976884854830683e-02
2.190000000000000000e+02,8.310484552361904198e-01,1.433107953151343761e+00
2.200000000000000000e+02,6.289818435911487260e-01,5.940582728115165745e-01
2.210000000000000000e+02,8.726506554473952848e-01,1.724368504869964402e+00
2.220000000000000000e+02,2.735420348156357706e-01,2.385261546722230452e+00
2.230000000000000000e+02,7.980468339125637023e-01,6.969017465759272945e-01
2.240000000000000000e+02,1.856359443059522052e-01,1.441032907273151364e+00
2.250000000000000000e+02,9.527916569719445672e-01,1.178792865733179873e+00
2.260000000000000000e+02,6.874882763878152891e-01,2.005776004569034265e-01
2.270000000000000000e+02,2.155076771135584490e-01,1.240787509741938521e+00
2.280000000000000000e+02,9.473705904889242468e-01,1.289120505278812168e+00
2.290000000000000000e+02,7.308558067701578231e-01,1.412870820446174625e+00
2.300000000000000000e+02,2.539416425950258294e-01,8.016011031799542552e-01
2.310000000000000000e+02,2.133119773674819752e-01,1.094192300310146582e+00
2.320000000000000000e+02,5.182007139306632482e-01,-1.476109448431353055e-01
2.330000000000000000e+02,2.566271805453157473e-02,6.418859245201432584e-01
2.340000000000000000e+02,2.074700754411094028e-01,1.555962679709797847e+00
2.350000000000000000e+02,4.246854687515062565e-01,1.892473887331530324e+00
2.360000000000000000e+02,3.741699803342255493e-01,5.776851758747292287e-01
2.370000000000000000e+02,4.635754243648106954e-01,1.104714029433284228e+00
2.380000000000000000e+02,2.776287062947319084e-01,1.228053325124067285e+00
2.390000000000000000e+02,5.867843464581687929e-01,1.201479946704432811e+00
2.400000000000000000e+02,8.638556059232314066e-01,1.540773585300390103e+00
2.410000000000000000e+02,1.175318559620330827e-01,-8.180776303835695096e-01
2.420000000000000000e+02,5.173791071541141706e-01,9.506759298524274371e-01
2.430000000000000000e+02,1.320681063451533133e-01,1.239033601246764871e+00
2.440000000000000000e+02,7.168596811925936896e-01,-3.303489537054282721e-04
2.450000000000000000e+02,3.960597028072937453e-01,2.673985707010710033e+00
2.460000000000000000e+02,5.654213118585089681e-01,1.161559267238168047e+00
2.470000000000000000e+02,1.832798362140786175e-01,2.563404745028929455e+00
2.480000000000000000e+02,1.448477593433772359e-01,2.094769781669227893e-01
2.490000000000000000e+02,4.880562806489545657e-01,9.269987847467298092e-02
2.500000000000000000e+02,3.556127378499556180e-01,1.224252220965681870e+00
2.510000000000000000e+02,9.404319452528130396e-01,-6.786883628286566328e-01
2.520000000000000000e+02,7.653252538069652555e-01,1.214965590626093439e+00
2.530000000000000000e+02,7.486636198505473017e-01,1.097219232002917932e+00
2.540000000000000000e+02,9.037197397459334480e-01,2.015665281542101006e+00
2.550000000000000000e+02,8.342243544201854988e-02,1.701041341165097087e+00
2.560000000000000000e+02,5.521924699224065591e-01,5.825226501149660674e-01
2.570000000000000000e+02,5.844760689557688682e-01,-9.749665477024471727e-02
2.580000000000000000e+02,9.619363785472290207e-01,2.712305221343296324e+00
2.590000000000000000e+02,2.921475267925488506e-01,2.078849794348499591e-01
2.600000000000000000e+02,2.408287799154468223e-01,-4.552455706946578751e-02
2.610000000000000000e+02,1.002939422654978152e-01,-8.485605946144514355e-02
2.620000000000000000e+02,1.642962959147420410e-02,2.117305315536664345e+00
2.630000000000000000e+02,9.295293167921905297e-01,4.810997955751479260e-01
2.640000000000000000e+02,6.699165465909100448e-01,2.462955338193991706e-01
2.650000000000000000e+02,7.851529120231377501e-01,1.137689825903347440e+00
2.660000000000000000e+02,2.817301057539490783e-01,7.930552894427089772e-01
2.670000000000000000e+02,5.864101661863266868e-01,3.219045392137530603e-01
2.680000000000000000e+02,6.395526612098112462e-02,1.753991466978479519e+00
2.690000000000000000e+02,4.856275959346229021e-01,2.065315492097994809e+00
2.700000000000000000e+02,9.774951397444467949e-01,1.985317508939866915e+00
2.710000000000000000e+02,8.765052453165907975e-01,1.766919669661199066e+00
2.720000000000000000e+02,3.381589518368456337e-01,1.402625531130035075e+00
2.730000000000000000e+02,9.615701545414985230e-01,-7.758879999618288892e-01
2.740000000000000000e+02,2.317016264712045137e-01,2.669250806376968654e+00
2.750000000000000000e+02,9.493188224156814403e-01,1.301989210357552995e+00
2.760000000000000000e+02,9.413777047064986192e-01,1.608156427600641480e+00
2.770000000000000000e+02,7.992025873523916912e-01,2.114962322947402384e+00
2.780000000000000000e+02,6.304479368667911254e-01,2.433352502881991786e+00
2.790000000000000000e+02,8.742879666249470105e-01,1.418398011309192519e+00
2.800000000000000000e+02,2.930202845077967133e-01,1.435546159295653545e+00
2.810000000000000000e+02,8.489435553129182077e-01,4.007757225402805989e-01
2.820000000000000000e+02,6.178766919175238126e-01,1.033089751138760226e+00
2.830000000000000000e+02,1.323685775889948957e-02,1.458387391856454940e-01
2.840000000000000000e+02,3.472335179322195708e-01,2.800594678581053154e-01
2.850000000000000000e+02,1.481408609481650318e-01,1.064255976858087260e-01
2.860000000000000000e+02,9.818293898182531843e-01,8.439761090027126933e-01
2.870000000000000000e+02,4.783703070399880630e-01,2.049093187920010273e+00
2.880000000000000000e+02,4.973913654986626964e-01,4.170974773290179627e+00
2.890000000000000000e+02,6.394725163987236005e-01,1.189499637547913435e+00
2.900000000000000000e+02,3.685846061296175202e-01,-3.484130877561200101e-01
2.910000000000000000e+02,1.369002716855989288e-01,2.264983329856256056e+00
2.920000000000000000e+02,8.221177331942455258e-01,6.992161235239728878e-01
2.930000000000000000e+02,1.898479119027579598e-01,3.393914060230079910e-01
2.940000000000000000e+02,5.113189825464560245e-01,1.209849477923055305e+00
2.950000000000000000e+02,2.243170289747392632e-01,-2.406245995562275031e-01
2.960000000000000000e+02,9.784448449403404524e-02,1.222463164008606773e+00
2.970000000000000000e+02,8.621915174216833178e-01,9.116244768008450183e-01
2.980000000000000000e+02,9.729194890231303017e-01,1.098377906815475757e+00
2.990000000000000000e+02,9.608346580630001688e-01,1.381416254209170802e+00
3.000000000000000000e+02,9.065554992211789509e-01,1.067492257240806763e+00
3.010000000000000000e+02,7.740473326986387903e-01,1.016338084112892393e+00
3.020000000000000000e+02,3.331451520286419221e-01,1.284314518997944576e+00
3.030000000000000000e+02,8.110138998799676369e-02,1.415400626171126941e+00
3.040000000000000000e+02,4.072411714138073346e-01,-3.148246031525769872e-02
3.050000000000000000e+02,2.322341421709427367e-01,-4.299912586854484076e-01
3.060000000000000000e+02,1.324876347579829750e-01,9.383619478277852588e-01
3.070000000000000000e+02,5.342718178682526187e-02,-4.327354899341080419e-01
3.080000000000000000e+02,7.255943642105787683e-01,1.087531470921670795e+00
3.090000000000000000e+02,1.142745862503102838e-02,1.938746875682310078e+00
3.100000000000000000e+02,7.705807485027762471e-01,1.607111671916045870e+00
3.110000000000000000e+02,1.469466454003750533e-01,-4.817040682547313324e-02
3.120000000000000000e+02,7.952208258675574903e-02,1.397375480424811744e-01
3.130000000000000000e+02,8.960303423860538352e-02,1.328301295000755333e+00
3.140000000000000000e+02,6.720478073539144503e-01,5.987021948664899007e-01
3.150000000000000000e+02,2.453672098528447698e-01,6.833447049478931223e-01
3.160000000000000000e+02,4.205394666800984504e-01,1.596906481247953868e+00
3.170000000000000000e+02,5.573687913239169234e-01,1.271330654234759105e-02
3.180000000000000000e+02,8.605511738287937584e-01,5.987652900888176255e-01
3.190000000000000000e+02,7.270442627113282708e-01,1.999175239153987427e-01
3.200000000000000000e+02,2.703279052387146386e-01,-4.312949803535559568e-02
3.210000000000000000e+02,1.314827992911276056e-01,1.429218113288353020e-01
3.220000000000000000e+02,5.537432042119794229e-02,1.677462169346411791e+00
3.230000000000000000e+02,3.015986344809424846e-01,1.051820389482421625e+00
3.240000000000000000e+02,2.621181492396782442e-01,1.208393711649251578e-01
3.250000000000000000e+02,4.561405668004796521e-01,7.688983924070034170e-01
3.260000000000000000e+02,6.832813355476804462e-01,-6.388073071221778143e-01
3.270000000000000000e+02,6.956254456388571983e-01,2.666871924163343177e-01
3.280000000000000000e+02,2.835188465821666393e-01,3.149574534867286779e+00
3.290000000000000000e+02,3.799269559001204888e-01,9.097561503342493916e-01
3.300000000000000000e+02,1.811509617369030378e-01,1.731658927030392370e+00
3.310000000000000000e+02,7.885455123065187033e-01,9.345116248555169758e-01
3.320000000000000000e+02,5.684807643324030213e-02,1.348169235241808650e+00
3.330000000000000000e+02,6.969972417249873375e-01,1.663258089679173990e+00
3.340000000000000000e+02,7.786953959411033743e-01,-1.046165975264707892e-01
3.350000000000000000e+02,7.774075618487531480e-01,9.690637427260410108e-01
3.360000000000000000e+02,2.594225643453549335e-01,2.578865194416488205e+00
3.370000000000000000e+02,3.738131379325614345e-01,2.044994499467089888e-01
3.380000000000000000e+02,5.875996351963890252e-01,4.335601462677807216e-01
3.390000000000000000e+02,2.728219024244670221e-01,6.923087226329982524e-01
3.400000000000000000e+02,3.708527992178887178e-01,1.269024073176246770e+00
3.410000000000000000e+02,1.970542801856396409e-01,1.524917863645882665e+00
3.420000000000000000e+02,4.598558837560073886e-01,2.267411654818656697e+00
3.430000000000000000e+02,4.461230125411408398e-02,1.499498233468659514e+00
3.440000000000000000e+02,7.997958845706180098e-01,9.379468742016660032e-01
3.450000000000000000e+02,7.695644698663273164e-02,2.259167129610813785e+00
3.460000000000000000e+02,5.188351488315260385e-01,1.704111022141582055e+00
3.470000000000000000e+02,3.068100995451961133e-01,-4.956795162570162283e-01
3.480000000000000000e+02,5.775429488313754689e-01,3.526368240355998385e+00
3.490000000000000000e+02,9.594333408334251301e-01,2.769921388196733503e+00
3.500000000000000000e+02,6.455702444560038611e-01,8.317857772329259047e-01
3.510000000000000000e+02,3.536243575549091744e-02,1.377910101738474946e+00
3.520000000000000000e+02,4.304024395080612297e-01,2.324358749995838913e+00
3.530000000000000000e+02,5.100168523182502245e-01,8.277992073031174014e-01
3.540000000000000000e+02,5.361774947034519956e-01,1.730351790377019361e+00
3.550000000000000000e+02,6.813925106038378754e-01,2.104578473571476316e+00
3.560000000000000000e+02,2.775960977317660783e-01,-1.482590773444103505e-02
3.570000000000000000e+02,1.288605654663201872e-01,3.976681464171378799e-01
3.580000000000000000e+02,3.926756765470943433e-01,1.921408397810581370e+00
3.590000000000000000e+02,9.564057227959488205e-01,1.460814477148830504e+00
3.600000000000000000e+02,1.871308917508447411e-01,1.923796560313946857e+00
3.610000000000000000e+02,9.039839549282370212e-01,8.674319853462819641e-01
3.620000000000000000e+02,5.438059500773263499e-01,7.109947890457670727e-01
3.630000000000000000e+02,4.569114216457658140e-01,-9.986394755833727377e-01
3.640000000000000000e+02,8.820414102298895775e-01,-1.460004265074432706e-01
3.650000000000000000e+02,4.586039617685858660e-01,1.047066094658493762e+00
3.660000000000000000e+02,7.241676366115432639e-01,1.824557219564236554e+00
3.670000000000000000e+02,3.990253217031020094e-01,1.531178366535695279e+00
3.680000000000000000e+02,9.040443929009577273e-01,8.717580259722980118e-01
3.690000000000000000e+02,6.900250201912273562e-01,7.282284335093033301e-01
3.700000000000000000e+02,6.996220542505167117e-01,1.217179632638280218e+00
3.710000000000000000e+02,3.277204015571189011e-01,1.078211181092152193e+00
3.720000000000000000e+02,7.567786427368892177e-01,2.404545514939711914e+00
3.730000000000000000e+02,6.360610554471413103e-01,1.146440770478249771e+00
3.740000000000000000e+02,2.400202733797095478e-01,-4.812459621972984269e-01
3.750000000000000000e+02,1.605388224852564161e-01,-2.725581350323169616e-01
3.760000000000000000e+02,7.963914745173317211e-01,2.518759336963579898e+00
3.770000000000000000e+02,9.591666030352224981e-01,-1.711604614500803478e-01
3.780000000000000000e+02,4.581388272600428468e-01,1.764497453033533558e+00
3.790000000000000000e+02,5.909841653236849179e-01,7.316272647906187920e-01
3.800000000000000000e+02,8.577226441935545953e-01,8.302417060975144647e-01
3.810000000000000000e+02,4.572234533538570567e-01,8.658672172315798887e-01
3.820000000000000000e+02,9.518744768327361827e-01,2.221384959459198338e+00
3.830000000000000000e+02,5.757511620448724221e-01,8.071581714560353005e-01
3.840000000000000000e+02,8.207671207013149672e-01,9.666807171548470468e-01
3.850000000000000000e+02,9.088437184127383661e-01,-5.308034973994926187e-01
3.860000000000000000e+02,8.155238187685688311e-01,1.206690511708003344e+00
3.870000000000000000e+02,1.594144634489559342e-01,1.531042506978059770e+00
3.880000000000000000e+02,6.288984390617003983e-01,1.239145580653786993e+00
3.890000000000000000e+02,3.984342586196770730e-01,2.397896261086735592e+00
3.900000000000000000e+02,6.271295202334570273e-02,1.055171354780231718e+00
3.910000000000000000e+02,4.240322518898419490e-01,1.298977456119017493e+00
3.920000000000000000e+02,2.586840668894077044e-01,2.648504010268179165e+00
3.930000000000000000e+02,8.490383084285108017e-01,-5.500141893581478314e-01
3.940000000000000000e+02,3.330462654669619216e-02,5.441746522006312148e-01
3.950000000000000000e+02,9.589827218634735528e-01,2.426158752019266451e+00
3.960000000000000000e+02,3.553688484719296214e-01,1.936129148311082293e+00
3.970000000000000000e+02,3.567068904025428866e-01,1.678380098840470236e+00
3.980000000000000000e+02,1.632850268370789060e-02,1.832650739464478207e+00
3.990000000000000000e+02,1.852323252361839367e-01,1.327066209121022133e+00
4.000000000000000000e+02,4.012595008036087263e-01,2.631597427532271549e+00
4.010000000000000000e+02,9.292914173027139180e-01,1.377759169730717881e+00
4.020000000000000000e+02,9.961493022127132502e-02,1.239867105895278598e+00
4.030000000000000000e+02,9.453015334790795254e-01,1.158958674125643240e+00
4.040000000000000000e+02,8.694885305466322212e-01,1.192863955550385935e+00
4.050000000000000000e+02,4.541623969075517797e-01,-1.570172808158678546e-01
4.060000000000000000e+02,3.267008817682600652e-01,1.770673054463343332e+00
4.070000000000000000e+02,2.327441292790568550e-01,8.695602662166727059e-01
4.080000000000000000e+02,6.144647064768743450e-01,2.821915097860405730e+00
4.090000000000000000e+02,3.307459147550562140e-02,9.243495294115771088e-01
4.100000000000000000e+02,1.560606444682821614e-02,1.420918284175656687e+00
4.110000000000000000e+02,4.287957224982378301e-01,1.246602186261334344e+00
4.120000000000000000e+02,6.807407397472020616e-02,3.744429648907466879e-01
4.130000000000000000e+02,2.519409882460929007e-01,1.992136828518505709e+00
4.140000000000000000e+02,2.211609153460838417e-01,2.905063640560017646e+00
4.150000000000000000e+02,2.531911937228519260e-01,9.852227803401552020e-01
4.160000000000000000e+02,1.310552312152577503e-01,6.995212144145777078e-01
4.170000000000000000e+02,1.203622289765426956e-02,6.449712689446258640e-01
4.180000000000000000e+02,1.154842971387480821e-01,-8.923618933173413925e-01
4.190000000000000000e+02,6.184802595127478764e-01,8.221868562969874006e-01
4.200000000000000000e+02,9.742562128180503045e-01,1.250998116008323890e+00
4.210000000000000000e+02,9.903450015608938894e-01,2.054757925180282996e+00
4.220000000000000000e+02,4.090540953730615881e-01,1.960047741149927969e+00
4.230000000000000000e+02,1.629544260466053718e-01,5.835009175633074641e-01
4.240000000000000000e+02,6.387617573665292925e-01,7.231770052261117243e-01
4.250000000000000000e+02,4.903053465487371421e-01,2.123905305614439243e+00
4.260000000000000000e+02,9.894097772844314687e-01,8.265361029271208748e-01
4.270000000000000000e+02,6.530420715178020252e-02,4.899704602443830659e-01
4.280000000000000000e+02,7.832344383138131194e-01,2.392518449434272387e+00
4.290000000000000000e+02,2.883984973314939193e-01,2.037585667050634264e+00
4.300000000000000000e+02,2.414186200765739976e-01,1.018791791774257716e+00
4.310000000000000000e+02,6.625045715326759455e-01,4.062225522213325224e-01
4.320000000000000000e+02,2.460631849909644675e-01,-1.011880319244709003e+00
4.330000000000000000e+02,6.658591175591876965e-01,1.589703605574723788e+00
4.340000000000000000e+02,5.173085172022887646e-01,1.036302774478198296e-01
4.350000000000000000e+02,4.240889884358493012e-01,-9.627320091407520763e-01
4.360000000000000000e+02,5.546878086614189796e-01,2.584820527349017905e+00
4.370000000000000000e+02,2.870515199196297385e-01,1.647967791009888217e+00
4.380000000000000000e+02,7.065747062729789141e-01,-1.390081931169653284e-01
4.390000000000000000e+02,4.148568693335640267e-01,-2.144013829592590348e-01
4.400000000000000000e+02,3.605455604858922580e-01,1.870961782171619570e+00
4.410000000000000000e+02,8.286569145557377558e-01,1.220293834641298369e-01
4.420000000000000000e+02,9.249669119531921391e-01,2.296149867527883082e+00
4.430000000000000000e+02,4.600731088729692608e-02,1.616459312626155276e+00
4.440000000000000000e+02,2.326269928297655110e-01,1.536596520566823498e+00
4.450000000000000000e+02,3.485193694925632357e-01,1.404695455614300315e+00
4.460000000000000000e+02,8.149664793702473542e-01,1.191450872023911867e+00
4.470000000000000000e+02,9.854914276432975573e-01,1.880511199177110626e+00
4.480000000000000000e+02,9.689717046703517633e-01,5.459196374843948707e-01
4.490000000000000000e+02,9.049483455499268691e-01,1.085951973434384765e+00
4.500000000000000000e+02,2.965562650640298781e-01,1.751946587677195577e+00
4.510000000000000000e+02,9.920112434144741087e-01,1.562989718586127896e+00
4.520000000000000000e+02,2.494200410564512138e-01,-1.949868052686603015e-01
4.530000000000000000e+02,1.059061548822322063e-01,4.995903326957360502e-01
4.540000000000000000e+02,9.509526110553940814e-01,1.252803505419154639e+00
4.550000000000000000e+02,2.334202554680963049e-01,5.919852909601031055e-01
4.560000000000000000e+02,6.897682650777504643e-01,2.774658560973333188e+00
4.570000000000000000e+02,5.835635898058866289e-02,6.068468052458870776e-01
4.580000000000000000e+02,7.307090991274761693e-01,8.377815524233092059e-01
4.590000000000000000e+02,8.817202123338396813e-01,1.769430178177303858e+00
4.600000000000000000e+02,2.724368954659625031e-01,1.330532743234915660e+00
4.610000000000000000e+02,3.790568960774285401e-01,8.547255427952307194e-01
4.620000000000000000e+02,3.742961833209160760e-01,2.435064711192517217e-01
4.630000000000000000e+02,7.487882575401331176e-01,1.301514057396766066e+00
4.640000000000000000e+02,2.378072425390388434e-01,2.039096440378392661e+00
4.650000000000000000e+02,1.718530990476430098e-01,1.479095224098228467e+00
4.660000000000000000e+02,4.492916486877380766e-01,2.218164785438777598e-01
4.670000000000000000e+02,3.044684073773195054e-01,2.736774956976710804e+00
4.680000000000000000e+02,8.391891222586523869e-01,-4.465778900358943204e-01
4.690000000000000000e+02,2.377418260156387575e-01,-5.826856418027890339e-01
4.700000000000000000e+02,5.023894574892614484e-01,1.960557224457228465e+00
4.710000000000000000e+02,9.425835996979303744e-01,1.225840478602690187e+00
4.720000000000000000e+02,6.339976977446607487e-01,4.505014536959597304e-01
4.730000000000000000e+02,8.672894054624648019e-01,-9.857072755532958475e-02
4.740000000000000000e+02,9.402096893547673417e-01,3.320799839280298205e+00
4.750000000000000000e+02,7.507648618863519419e-01,1.117090872155442005e+00
4.760000000000000000e+02,6.995750602247513550e-01,1.534201170845771456e+00
4.770000000000000000e+02,9.679655666042270568e-01,1.317885097238181480e+00
4.780000000000000000e+02,9.944007896476794173e-01,1.434807957731157879e+00
4.790000000000000000e+02,4.518216826697596389e-01,1.540094460524805919e+00
4.800000000000000000e+02,7.086977818420836517e-02,1.732424009754876204e+00
4.810000000000000000e+02,2.927940314405188538e-01,6.247775992393272970e-01
4.820000000000000000e+02,1.523547056877304628e-01,7.083580136481554268e-01
4.830000000000000000e+02,4.174863747960118054e-01,-7.410228083589014414e-01
4.840000000000000000e+02,1.312893284732560284e-01,2.196955934984605729e-01
4.850000000000000000e+02,6.041178040208819988e-01,1.271112796446714821e+00
4.860000000000000000e+02,3.828080591578540970e-01,2.045023375502690755e+00
4.870000000000000000e+02,8.953858842882099767e-01,1.599039526376184073e+00
4.880000000000000000e+02,9.677946717985018710e-01,6.593076561220695408e-01
4.890000000000000000e+02,5.468849016694221632e-01,-2.631729120851542536e-01
4.900000000000000000e+02,2.748235698675965955e-01,-1.777359145427433340e+00
4.910000000000000000e+02,5.922304187618367965e-01,2.151733974780799308e+00
4.920000000000000000e+02,8.967611582244098267e-01,4.107710134898502341e-01
4.930000000000000000e+02,4.067333458357482723e-01,5.515349937959407312e-01
4.940000000000000000e+02,5.520782766919708484e-01,1.131573967908068745e+00
4.950000000000000000e+02,2.716527676061458729e-01,-4.055600473918898885e-01
4.960000000000000000e+02,4.554441494500269805e-01,6.502178198884631666e-01
4.970000000000000000e+02,4.017135353795986408e-01,3.023471949769974021e+00
4.980000000000000000e+02,2.484134650829710189e-01,1.505386938577342626e+00
4.990000000000000000e+02,5.058663838253083522e-01,1.359249156513456347e+00
5.000000000000000000e+02,3.103808259798114255e-01,-5.824944779817584628e-01
5.010000000000000000e+02,3.730348638807474693e-01,3.243601894582640366e+00
5.020000000000000000e+02,5.249704422542642579e-01,-4.227949086263427247e-01
5.030000000000000000e+02,7.505950229289874986e-01,2.922324755444398292e+00
5.040000000000000000e+02,3.335074657912753260e-01,-1.115056015187807503e+00
5.050000000000000000e+02,9.241587666207635721e-01,2.405365438724420102e+00
5.060000000000000000e+02,8.623185468359023664e-01,2.618054269000225531e+00
5.070000000000000000e+02,4.869029597552854138e-02,1.755908786721653847e-01
5.080000000000000000e+02,2.536425242568227656e-01,1.422580372272882698e+00
5.090000000000000000e+02,4.461355126592019271e-01,1.547480572104665164e+00
5.100000000000000000e+02,1.046278887424740844e-01,1.862055167686941237e-01
5.110000000000000000e+02,3.484759890334970800e-01,-4.491176107369303505e-01
5.120000000000000000e+02,7.400975256176824946e-01,-3.177173431407653847e-01
5.130000000000000000e+02,6.805144811428258667e-01,1.541008219959807635e+00
5.140000000000000000e+02,6.223844285660048437e-01,9.148843974805942469e-01
5.150000000000000000e+02,7.105284027223456311e-01,4.356989666978395848e-01
5.160000000000000000e+02,2.049236869597017563e-01,1.966768011166460273e+00
5.170000000000000000e+02,3.416981148647321165e-01,1.508067909391477723e+00
5.180000000000000000e+02,6.762424822774628641e-01,2.445372736343666142e-01
5.190000000000000000e+02,8.792347630313270823e-01,-2.012015190173892520e-01
5.200000000000000000e+02,5.436780538280951980e-01,1.523261738688076905e+00
5.210000000000000000e+02,2.826996509455366180e-01,4.624166314419381196e-01
5.220000000000000000e+02,3.023525800598259039e-02,1.099204862531502513e+00
5.230000000000000000e+02,7.103368289742133523e-01,2.576298972627717454e+00
5.240000000000000000e+02,7.884103508440376551e-03,1.502328240074779497e+00
5.250000000000000000e+02,3.726790698209955233e-01,1.377330002467632708e-01
5.260000000000000000e+02,5.305372145627818004e-01,1.160661189819772732e+00
5.270000000000000000e+02,9.221114617671930525e-01,4.735504718461225337e-02
5.280000000000000000e+02,8.949454503290010798e-02,2.608522155948723942e+00
5.290000000000000000e+02,4.059423219682837258e-01,4.384212503967791497e-01
5.300000000000000000e+02,2.431319971015777348e-02,1.207270746973618580e+00
5.310000000000000000e+02,3.426109843415903189e-01,1.307732574679431936e+00
5.320000000000000000e+02,6.222310588397949038e-01,1.159250468373702381e+00
5.330000000000000000e+02,2.790679482285983726e-01,-9.585489551365387051e-01
5.340000000000000000e+02,2.097499496556350929e-01,-4.464210639833285921e-01
5.350000000000000000e+02,1.157032333270936464e-01,5.476497244309083134e-01
5.360000000000000000e+02,5.771402440203418083e-01,1.319431833331530690e+00
5.370000000000000000e+02,6.952700059046860170e-01,8.622207857142293319e-01
5.380000000000000000e+02,6.719571405958223442e-01,4.285252684898321895e-02
5.390000000000000000e+02,9.488610207205073754e-01,-3.484243191217009095e-01
5.400000000000000000e+02,2.703213893502698362e-03,5.984424555006564450e-01
5.410000000000000000e+02,6.471966538940360225e-01,5.315239553202768530e-01
5.420000000000000000e+02,6.003922370976395584e-01,1.512836457592756645e+00
5.430000000000000000e+02,5.887396099702881802e-01,6.736815378416818323e-01
5.440000000000000000e+02,9.627703198402424167e-01,1.602707656429329663e+00
5.450000000000000000e+02,1.687167337003969703e-02,4.053502302795946033e-01
5.460000000000000000e+02,6.964824307014501059e-01,7.440423307857316759e-01
5.470000000000000000e+02,8.136786497018634323e-01,6.519536203573805810e-01
5.480000000000000000e+02,5.098071966215841355e-01,2.176330330979102667e-01
5.490000000000000000e+02,3.339648695968091552e-01,1.625118656433730102e+00
5.500000000000000000e+02,7.908401632274049131e-01,1.864040029054929715e-01
5.510000000000000000e+02,9.724292563242464826e-02,4.783584900293810227e-01
5.520000000000000000e+02,4.420356377299252681e-01,9.268803540518028017e-01
5.530000000000000000e+02,5.199523745708382050e-01,-2.973796559567398745e-01
5.540000000000000000e+02,6.939564109345475185e-01,6.750650416795008768e-01
5.550000000000000000e+02,9.088573203240946086e-02,2.886936402572114480e-01
5.560000000000000000e+02,2.277595015378609533e-01,6.118458075177504174e-01
5.570000000000000000e+02,4.103015626901256319e-01,9.400719973289093367e-01
5.580000000000000000e+02,6.232946730201306407e-01,2.000863768593352798e-01
5.590000000000000000e+02,8.869607812174175043e-01,7.799242201796443563e-01
5.600000000000000000e+02,6.188261682413764841e-01,2.308668752352179165e+00
5.610000000000000000e+02,1.334614709349344341e-01,9.742014417455129305e-01
5.620000000000000000e+02,9.805801327872823991e-01,2.145262173019224505e+00
5.630000000000000000e+02,8.717857347554929248e-01,1.346494442006760828e+00
5.640000000000000000e+02,5.027207611453240466e-01,1.774160609818816514e+00
5.650000000000000000e+02,9.223479817966330208e-01,2.255410312291741270e-01
5.660000000000000000e+02,5.413807937571357698e-01,1.104907165085512677e+00
5.670000000000000000e+02,9.233060678891631401e-01,1.133912922615475827e+00
5.680000000000000000e+02,8.298973686033431774e-01,3.873742611250643453e-01
5.690000000000000000e+02,9.682864102942972950e-01,1.771716757057182345e-01
5.700000000000000000e+02,9.197828107781583773e-01,-4.902653879072982335e-01
5.710000000000000000e+02,3.603381742856948122e-02,2.496139636951632212e+00
5.720000000000000000e+02,1.747720041609399644e-01,2.759711064750236531e-02
5.730000000000000000e+02,3.891346771011857664e-01,2.346221073222300113e+00
5.740000000000000000e+02,9.521426972954207812e-01,5.325068263421465220e-01
5.750000000000000000e+02,3.000289194759295786e-01,1.375067002752661249e-01
5.760000000000000000e+02,1.604676438876010414e-01,1.622519140304997665e+00
5.770000000000000000e+02,8.863046660865598891e-01,3.688080582531428897e-01
5.780000000000000000e+02,4.463944154832029110e-01,1.568458918924276801e+00
5.790000000000000000e+02,9.078755943543260765e-01,6.671882351477904649e-01
5.800000000000000000e+02,1.602304663201432611e-01,1.480424496117786815e+00
5.810000000000000000e+02,6.611175115080994980e-01,3.181393609289506763e-02
5.820000000000000000e+02,4.402637528294918168e-01,1.831351057984768271e+00
5.830000000000000000e+02,7.648676903028539531e-02,1.487972682663004642e+00
5.840000000000000000e+02,6.964631446525005876e-01,8.034930993733824245e-02
5.850000000000000000e+02,2.473987555391536919e-01,3.642935721014741723e+00
5.860000000000000000e+02,3.961552257951772571e-02,1.540123026400494144e+00
5.870000000000000000e+02,5.994429824957325792e-02,3.290467070530538773e+00
5.880000000000000000e+02,6.107853706678734174e-02,2.600267818748759119e+00
5.890000000000000000e+02,9.077329574850394600e-01,8.111652197822162291e-01
5.900000000000000000e+02,7.398839178291010121e-01,5.877282453954570940e-01
5.910000000000000000e+02,8.980623572137350630e-01,5.965408165791987738e-01
5.920000000000000000e+02,6.725823112965213513e-01,-8.300285504278102078e-01
5.930000000000000000e+02,5.289399290308831603e-01,3.041648806504526625e-01
5.940000000000000000e+02,3.044463643473782621e-01,1.246766023979970495e+00
5.950000000000000000e+02,9.979622513286734442e-01,2.525957560884808384e+00
5.960000000000000000e+02,3.621890589393893523e-01,2.272281170217979041e-01
5.970000000000000000e+02,4.706489492139095399e-01,1.882056599363010729e+00
5.980000000000000000e+02,3.782451749234617688e-01,-2.525933415033190244e-01
5.990000000000000000e+02,9.795269293354585960e-01,4.136799747888676437e-01
6.000000000000000000e+02,1.746583853950057774e-01,5.423594057104740296e-01
6.010000000000000000e+02,3.279880009080796688e-01,1.371811081497493534e+00
6.020000000000000000e+02,6.803486660150015464e-01,1.457309646720811314e+00
6.030000000000000000e+02,6.320761833863064449e-02,1.962341744814345201e+00
6.040000000000000000e+02,6.072493740115409988e-01,1.770836960404936544e+00
6.050000000000000000e+02,4.776465028764160792e-01,1.243168215402491672e+00
6.060000000000000000e+02,2.839999767621010918e-01,1.390364943508622275e+00
6.070000000000000000e+02,2.384132809240580020e-01,2.588530691097532532e+00
6.080000000000000000e+02,5.145127432987567362e-01,4.890738187677369231e-01
6.090000000000000000e+02,3.679275805370413321e-01,1.774728319067162108e+00
6.100000000000000000e+02,4.565198912626553529e-01,-8.081439264982515081e-01
6.110000000000000000e+02,3.374773817642399143e-01,1.411334242897608560e+00
6.120000000000000000e+02,9.704936935959775912e-01,5.167504575208925477e-01
6.130000000000000000e+02,1.334394317456040202e-01,1.002571182431510000e+00
6.140000000000000000e+02,9.680395317837420244e-02,2.040086245053703173e+00
6.150000000000000000e+02,3.433917287909160621e-01,1.164643809526397567e+00
6.160000000000000000e+02,5.910269008704912563e-01,1.885187541208927176e+00
6.170000000000000000e+02,6.591764718500282560e-01,2.473764815138404849e+00
6.180000000000000000e+02,3.972567471680420459e-01,1.389093968865720452e+00
6.190000000000000000e+02,9.992779939221710928e-01,2.171041064620488292e+00
6.200000000000000000e+02,3.518929961930425954e-01,6.734390223207922244e-01
6.210000000000000000e+02,7.214066679599524523e-01,9.917901177303859450e-01
6.220000000000000000e+02,6.375826945307928595e-01,4.773805836015220239e-01
6.230000000000000000e+02,8.130538632474606509e-01,2.042977594646376183e+00
6.240000000000000000e+02,9.762256634538200029e-01,1.414091353793595074e+00
6.250000000000000000e+02,8.897936564455402042e-01,4.927655381050773942e-01
6.260000000000000000e+02,7.645619743577085625e-01,1.154668833646332216e+00
6.270000000000000000e+02,6.982484778182905805e-01,2.041568388818581603e+00
6.280000000000000000e+02,3.354981696758996268e-01,9.607320089620468018e-01
6.290000000000000000e+02,1.476855782067073575e-01,5.106718915023655825e-02
6.300000000000000000e+02,6.263600305980976390e-02,1.131911755787412321e+00
6.310000000000000000e+02,2.419017042014848240e-01,-9.805655910689397015e-01
6.320000000000000000e+02,4.322814811812986102e-01,1.768770644399475067e+00
6.330000000000000000e+02,5.219962736299824657e-01,5.786724126753195474e-01
6.340000000000000000e+02,7.730835540548716134e-01,5.306892637208933117e-01
6.350000000000000000e+02,9.587409230565929752e-01,1.875695678779506714e+00
6.360000000000000000e+02,1.173204803848110211e-01,-3.651628772251687138e-01
6.370000000000000000e+02,1.070041401937915637e-01,2.947098642820357828e+00
6.380000000000000000e+02,5.896947230135507478e-01,5.197579582617766203e-01
6.390000000000000000e+02,7.453980739472929606e-01,4.767490566151049158e-01
6.400000000000000000e+02,8.481503803469848668e-01,2.021224743167163052e+00
6.410000000000000000e+02,9.358320802167885422e-01,1.708695273110426571e+00
6.420000000000000000e+02,9.834262422606420140e-01,3.451229719075076030e+00
6.430000000000000000e+02,3.998016922245258842e-01,7.887940163684800110e-01
6.440000000000000000e+02,3.803351835275731174e-01,8.795933613355902958e-01
6.450000000000000000e+02,1.478086766972723787e-01,-4.793159799632535911e-01
6.460000000000000000e+02,6.849344386835594101e-01,6.678977226511748633e-01
6.470000000000000000e+02,6.567619584408370681e-01,2.785687044282442182e-01
6.480000000000000000e+02,8.620625958512072584e-01,5.512329868945008426e-01
6.490000000000000000e+02,9.725799478764063366e-02,-7.441877565539551931e-01
6.500000000000000000e+02,4.977769078253417856e-01,2.660607559894514029e+00
6.510000000000000000e+02,5.810819296720630689e-01,-4.166034824256406033e-01
6.520000000000000000e+02,2.415570400399184026e-01,-1.802202798391713046e+00
6.530000000000000000e+02,1.690254061291612819e-01,-1.884244215830193081e-01
6.540000000000000000e+02,8.595808364196214635e-01,3.961604472038490199e-01
6.550000000000000000e+02,5.853492223555878393e-02,-1.495540632571181749e-01
6.560000000000000000e+02,4.706209039180728748e-01,2.098303540732512573e+00
6.570000000000000000e+02,1.158340013008852809e-01,8.621608214039061524e-01
6.580000000000000000e+02,4.570587613313673581e-01,1.025385604406459095e+00
6.590000000000000000e+02,9.799623263423092867e-01,1.610391764305412643e+00
6.600000000000000000e+02,4.237063534554728061e-01,1.286012526978117965e+00
6.610000000000000000e+02,8.571249175045673185e-01,1.978567297446042872e+00
6.620000000000000000e+02,1.173155641831938878e-01,-1.094775536361451973e-01
6.630000000000000000e+02,2.712520767618641360e-01,4.524818993205682593e-01
6.640000000000000000e+02,4.037927406673345043e-01,1.665967146069537774e+00
6.650000000000000000e+02,3.998121400093307409e-01,-1.534554462084229964e+00
6.660000000000000000e+02,6.713834786701531332e-01,-3.751844793172407488e-01
6.670000000000000000e+02,3.447181273755076658e-01,1.500992232179946484e+00
6.680000000000000000e+02,7.137668684100163530e-01,5.197509650050745611e-01
6.690000000000000000e+02,6.391868992253925130e-01,1.936107550109697595e+00
6.700000000000000000e+02,3.991611452547730865e-01,1.809180296853162728e+00
6.710000000000000000e+02,4.317601276543192590e-01,-1.980928801910382120e-01
6.720000000000000000e+02,6.145276998103207378e-01,1.406657087466881118e+00
6.730000000000000000e+02,7.004219014464463378e-02,2.201697855667506420e+00
6.740000000000000000e+02,8.224067383556903366e-01,1.147434401650971880e+00
6.750000000000000000e+02,6.534211611136369058e-01,2.253512275413083188e-02
6.760000000000000000e+02,7.263424644178352318e-01,1.879389941913370166e+00
6.770000000000000000e+02,5.369230010823904387e-01,1.635424526553995506e+00
6.780000000000000000e+02,1.104771109917447314e-01,1.542610783498796323e+00
6.790000000000000000e+02,4.050356132969499257e-01,1.715938893436991686e+00
6.800000000000000000e+02,4.053735828485560688e-01,-1.994612860227618967e+00
6.810000000000000000e+02,3.210429900432169026e-01,1.880937561080971543e+00
6.820000000000000000e+02,2.995032490474935916e-02,2.808131810578975429e+00
6.830000000000000000e+02,7.372542425964773161e-01,1.436638474629293061e+00
6.840000000000000000e+02,1.097844580625007005e-01,1.192728996499726746e+00
6.850000000000000000e+02,6.063081330450851292e-01,1.696438673391439167e+00
6.860000000000000000e+02,7.032174964672157635e-01,1.338225473685115352e+00
6.870000000000000000e+02,6.347863229336947466e-01,1.651781261700616010e+00
6.880000000000000000e+02,9.591422519779749800e-01,1.001471000245410803e+00
6.890000000000000000e+02,1.032981550851386210e-01,2.332951454630997068e-01
6.900000000000000000e+02,8.671671591051991479e-01,-4.322712214613444459e-03
6.910000000000000000e+02,2.919023484891325460e-02,1.808271768135916169e-03
6.920000000000000000e+02,5.349168549270839623e-01,-3.730425509508952242e-01
6.930000000000000000e+02,4.042436179392587814e-01,-6.774201101910648504e-02
6.940000000000000000e+02,5.241838603937581942e-01,2.761266127419863103e+00
6.950000000000000000e+02,3.650998770600097920e-01,1.754095663656242809e+00
6.960000000000000000e+02,1.905669149400680551e-01,3.749726093153287199e-01
6.970000000000000000e+02,1.912289744868977959e-02,6.096073060144919786e-01
6.980000000000000000e+02,5.181498137911743074e-01,1.112557530906454373e+00
6.990000000000000000e+02,8.427768626848423095e-01,3.444549705156418895e-01
7.000000000000000000e+02,3.732159557447941589e-01,1.067516857174324763e+00
7.010000000000000000e+02,2.228638180149802306e-01,1.777604137902911940e+00
7.020000000000000000e+02,8.053200347184408248e-02,9.642572664518265224e-01
7.030000000000000000e+02,8.531092311870336342e-02,1.336015742661992078e+00
7.040000000000000000e+02,2.213964462927722199e-01,1.886491539359615999e+00
7.050000000000000000e+02,1.000140609215551812e-01,7.278682439817918404e-01
7.060000000000000000e+02,2.650396983644820459e-01,1.284790599134363109e+00
7.070000000000000000e+02,6.614946211695471590e-02,6.906224071166386924e-01
7.080000000000000000e+02,6.560486720992564358e-02,9.714711301655836184e-01
7.090000000000000000e+02,8.562761796227819078e-01,6.752697349170400098e-01
7.100000000000000000e+02,1.621202607088332304e-01,4.711301464438847342e-01
7.110000000000000000e+02,5.596824058234479704e-01,1.173711852987023407e+00
7.120000000000000000e+02,7.734555444490305298e-01,1.566545315818212547e+00
7.130000000000000000e+02,4.564095653390666252e-01,1.146304446001044308e+00
7.140000000000000000e+02,1.533688778593457203e-01,1.498726958311932034e+00
7.150000000000000000e+02,1.995961421201143393e-01,2.620682197587701490e-01
7.160000000000000000e+02,4.329842062811807279e-01,-2.037351921997794246e-01
7.170000000000000000e+02,5.282340891785357595e-01,1.417043502967603619e+00
7.180000000000000000e+02,3.494402920485348840e-01,1.687881391174754553e+00
7.190000000000000000e+02,7.814796002346613424e-01,1.049857266599822703e+00
7.200000000000000000e+02,7.510216488563984383e-01,2.348035780424718943e+00
7.210000000000000000e+02,9.272118073731179244e-01,1.907698797987898764e+00
7.220000000000000000e+02,2.895254902696053900e-02,3.680570840769000540e+00
7.230000000000000000e+02,8.956912912102034108e-01,7.991914860043344282e-01
7.240000000000000000e+02,3.925687884621510415e-01,1.151203904631858954e-03
7.250000000000000000e+02,8.783724953799940671e-01,2.598632092604864496e-01
7.260000000000000000e+02,6.907847761565295563e-01,4.345021936253437023e-01
7.270000000000000000e+02,9.873487570739681862e-01,1.476031383438114464e+00
7.280000000000000000e+02,7.592824517166680831e-01,-1.158068563961256903e+00
7.290000000000000000e+02,3.645446259967866087e-01,2.318551018090836635e+00
7.300000000000000000e+02,5.010631728347521019e-01,7.607034088576558606e-01
7.310000000000000000e+02,3.763891551943512326e-01,7.532064422112482172e-01
7.320000000000000000e+02,3.649118360212381118e-01,-7.934316602499524862e-02
7.330000000000000000e+02,2.609044993810597513e-01,8.857744485498197928e-01
7.340000000000000000e+02,4.959702953734695940e-01,1.013239767667533542e+00
7.350000000000000000e+02,6.817399450693611973e-01,8.780550723997226914e-01
7.360000000000000000e+02,2.773402713052435242e-01,1.339059255942430360e+00
7.370000000000000000e+02,5.243798110772199816e-01,4.103679580489701939e-01
7.380000000000000000e+02,1.173802941705571756e-01,1.041842395891728890e-01
7.390000000000000000e+02,1.598452868541913041e-01,1.548328130497979904e+00
7.400000000000000000e+02,4.680635471218874688e-02,1.098667453815795669e+00
7.410000000000000000e+02,9.707314427706328352e-01,1.197181055197367394e+00
7.420000000000000000e+02,3.860351510261095243e-03,2.059027254441966548e+00
7.430000000000000000e+02,1.785799680576563020e-01,-2.256439126068565670e-02
7.440000000000000000e+02,6.128667531169923466e-01,1.447595427491358278e-01
7.450000000000000000e+02,8.136959885330530273e-02,2.257219650828994340e+00
7.460000000000000000e+02,8.818965030968323182e-01,-4.828833575740425488e-01
7.470000000000000000e+02,7.196201578422881662e-01,-3.094121463310142151e-01
7.480000000000000000e+02,9.663899714378934025e-01,1.817861831184995669e+00
7.490000000000000000e+02,5.076355472407648728e-01,1.238200192022038681e+00
7.500000000000000000e+02,3.004036831584872003e-01,1.105232137059275921e+00
7.510000000000000000e+02,5.495005727952714247e-01,9.083405918996168005e-01
7.520000000000000000e+02,9.308187172979731638e-01,1.031267547027569398e+00
7.530000000000000000e+02,5.207614372418605253e-01,9.078878853080440958e-01
7.540000000000000000e+02,2.672070318623186447e-01,2.355442702594418236e+00
7.550000000000000000e+02,8.773987891741196199e-01,6.018518712499248968e-01
7.560000000000000000e+02,3.719187485124613168e-01,8.386264637222208274e-01
7.570000000000000000e+02,1.383349998999139352e-03,2.794448805225073329e+00
7.580000000000000000e+02,2.476850224923159427e-01,1.027509702029835825e+00
7.590000000000000000e+02,3.182335091770623903e-01,3.232016389525177669e+00
7.600000000000000000e+02,8.587774682319021524e-01,8.950202989810464027e-01
7.610000000000000000e+02,4.585031670664450054e-01,2.367414982460158690e+00
7.620000000000000000e+02,4.445872878113007465e-01,-6.553440383096778010e-01
7.630000000000000000e+02,3.361022663998873838e-01,1.153644460815666406e+00
7.640000000000000000e+02,8.806781230470795974e-01,-5.844735631509354601e-01
7.650000000000000000e+02,9.450267769403913887e-01,1.844454306604586424e+00
7.660000000000000000e+02,9.918903291546293799e-01,-2.128678162090247294e-01
7.670000000000000000e+02,3.767412669609867537e-01,1.283769554383345390e+00
7.680000000000000000e+02,9.661474456271713640e-01,7.178041233095648899e-01
7.690000000000000000e+02,7.918795696309013366e-01,-1.582031851840288716e-01
7.700000000000000000e+02,6.756891476442667965e-01,-6.193599828975424604e-01
7.710000000000000000e+02,2.448894794200994207e-01,4.889595364198902061e-01
7.720000000000000000e+02,2.164572609442098061e-01,2.740629445895330640e+00
7.730000000000000000e+02,1.660478245212456683e-01,7.065149451106225165e-01
7.740000000000000000e+02,9.227566102253653701e-01,1.917221542115856048e+00
7.750000000000000000e+02,2.940766623831660986e-01,9.429571323378118652e-01
7.760000000000000000e+02,4.530942454488784410e-01,1.876726773690452266e+00
7.770000000000000000e+02,4.939578339872234825e-01,-8.269113783045176636e-01
7.780000000000000000e+02,7.781715954502541610e-01,5.968116931504666711e-01
7.790000000000000000e+02,8.442349615530241325e-01,1.949405523793218631e+00
7.800000000000000000e+02,1.390727011486128095e-01,8.367450511668212965e-01
7.810000000000000000e+02,4.269043602110736968e-01,9.135447172889528122e-01
7.820000000000000000e+02,8.428548878354571450e-01,5.695380881142070306e-01
7.830000000000000000e+02,8.180333057558384358e-01,2.149379383367123975e+00
7.840000000000000000e+02,1.024137584524164035e-01,1.297514353954945854e+00
7.850000000000000000e+02,1.563833488679630124e-01,1.044022276175347930e+00
7.860000000000000000e+02,3.041986915994078222e-01,1.643054545339292627e+00
7.870000000000000000e+02,7.535906908334033538e-02,1.588224929117936668e+00
7.880000000000000000e+02,4.246630028405928847e-01,1.212587046437536564e+00
7.890000000000000000e+02,1.076177051495819104e-01,2.547031496990844524e+00
7.900000000000000000e+02,5.682175936698450336e-01,9.397124663608809048e-01
7.910000000000000000e+02,2.465569398111561172e-01,1.278081047967944084e+00
7.920000000000000000e+02,5.964330653496227042e-01,3.570474466471095232e-01
7.930000000000000000e+02,1.175256429036376504e-01,1.150115227006129226e+00
7.940000000000000000e+02,9.758838684185333623e-01,2.587761523745367498e+00
7.950000000000000000e+02,9.325612038573404261e-01,3.567423982112611913e-01
7.960000000000000000e+02,3.917969385646657976e-01,-1.335928256384588675e-01
7.970000000000000000e+02,2.421785941260854447e-01,1.996759642819815550e+00
7.980000000000000000e+02,2.503982128535727769e-01,8.512338477663207170e-01
7.990000000000000000e+02,4.833935352023920329e-01,1.096004204969770024e+00
8.000000000000000000e+02,3.999280190071696772e-02,9.548866963066652280e-01
8.010000000000000000e+02,6.397051060751269835e-01,1.079121723929534982e+00
8.020000000000000000e+02,4.083029083397448078e-01,1.850530683523438302e+00
8.030000000000000000e+02,3.774065725888873235e-01,1.608758094007263217e-01
8.040000000000000000e+02,8.093649714891983926e-01,-1.177408410548852480e-02
8.050000000000000000e+02,7.090354601832900006e-01,1.084968137037707780e+00
8.060000000000000000e+02,9.543338153926920198e-01,-6.064396894498327306e-01
8.070000000000000000e+02,3.519362404956907220e-01,-3.730535360419284796e-01
8.080000000000000000e+02,8.975427646494055223e-01,2.866683148331627073e+00
8.090000000000000000e+02,7.699671862500888642e-01,1.757468330061403794e+00
8.100000000000000000e+02,3.574246515947130387e-01,9.899435281309854062e-01
8.110000000000000000e+02,6.216654364532577803e-01,2.238006935958440025e+00
8.120000000000000000e+02,2.885699576516955744e-01,-4.059923008514498832e-02
8.130000000000000000e+02,8.743999170748423255e-01,6.843968766141417248e-01
8.140000000000000000e+02,1.124273172123112507e-01,1.623453609424382549e+00
8.150000000000000000e+02,2.124343612940410297e-01,1.890671681431394635e+00
8.160000000000000000e+02,1.830332920799211394e-01,1.512916846827776496e+00
8.170000000000000000e+02,4.030260024042886524e-01,-1.541238807688224632e+00
8.180000000000000000e+02,7.452329600321291325e-01,3.191788233542203201e-02
8.190000000000000000e+02,5.269074490521803433e-01,1.477068092356865314e+00
8.200000000000000000e+02,4.876763235382075568e-01,6.440485069531936002e-01
8.210000000000000000e+02,5.459648969956543141e-04,3.540231620759171527e+00
8.220000000000000000e+02,4.254017253550547162e-01,1.926558300967096571e+00
8.230000000000000000e+02,6.355377483615842760e-02,1.558081880618665815e+00
8.240000000000000000e+02,2.082532521214838228e-01,-1.169495537467235557e-01
8.250000000000000000e+02,9.323939389604943839e-01,9.647032603970844278e-01
8.260000000000000000e+02,2.153982043432381976e-01,1.241203964218952516e+00
8.270000000000000000e+02,8.583376386342624897e-01,2.127783630127802361e+00
8.280000000000000000e+02,8.028933715613342237e-01,1.881131097099632221e+00
8.290000000000000000e+02,1.591462369422428358e-01,2.032989194519945642e+00
8.300000000000000000e+02,6.057119572702788224e-01,7.608798418999795921e-02
8.310000000000000000e+02,1.156618719050133137e-01,2.412151698298631075e+00
8.320000000000000000e+02,7.278881583695114843e-01,-3.804307523072691932e-01
8.330000000000000000e+02,6.374622773722066205e-01,4.640854383338381961e-01
8.340000000000000000e+02,8.119385616910193004e-01,1.430771134945641343e+00
8.350000000000000000e+02,4.793845493891880638e-01,8.501084082668606268e-01
8.360000000000000000e+02,9.148630878333828820e-01,-6.036857920391547339e-03
8.370000000000000000e+02,4.934894678843970706e-02,1.784501743968673892e-01
8.380000000000000000e+02,2.928885650270146579e-01,-5.482543228490424081e-01
8.390000000000000000e+02,7.150525974651670280e-01,1.531974639007191330e+00
8.400000000000000000e+02,4.181092117480008641e-01,2.260568845042149277e+00
8.410000000000000000e+02,1.729513542711563767e-01,8.996064965986340090e-01
8.420000000000000000e+02,1.072107454285460282e-01,5.996511849865766575e-01
8.430000000000000000e+02,8.173391114616214148e-01,-4.723229284664895999e-01
8.440000000000000000e+02,4.731429784656442372e-01,1.913201924252177610e+00
8.450000000000000000e+02,8.822836719191073929e-01,3.211304333239493047e+00
8.460000000000000000e+02,7.332891343167260434e-01,-7.974558043668975582e-01
8.470000000000000000e+02,4.097262056307435785e-01,-6.343293815460682161e-02
8.480000000000000000e+02,3.735110141556836627e-01,3.204069574558559008e-01
8.490000000000000000e+02,5.156383466512517444e-01,4.356820903175110393e-01
8.500000000000000000e+02,8.890599531897286356e-01,1.227345950143480913e+00
8.510000000000000000e+02,7.372785797141678810e-01,2.614249547280227404e+00
8.520000000000000000e+02,5.152964269023230237e-03,2.008597286860103637e+00
8.530000000000000000e+02,6.941578513691255559e-01,1.527597382774315893e+00
8.540000000000000000e+02,9.195074069058206678e-01,2.760712959413978984e-01
8.550000000000000000e+02,7.104557595044915796e-01,-1.196282336804543878e-01
8.560000000000000000e+02,1.770057815674959123e-01,2.032246936936991100e-01
8.570000000000000000e+02,4.835181274274586993e-01,2.548066801378738866e+00
8.580000000000000000e+02,1.403160179234194116e-01,9.382566985420989214e-01
8.590000000000000000e+02,3.589952783396320735e-01,5.531637463373788588e-01
8.600000000000000000e+02,9.371170419405177032e-01,8.162442697500077449e-01
8.610000000000000000e+02,9.233053075587083214e-01,1.824618219638467709e+00
8.620000000000000000e+02,2.828368521760828980e-01,-3.128496745497917342e-01
8.630000000000000000e+02,3.396310441661991586e-01,2.414874135922422393e+00
8.640000000000000000e+02,6.002128681312939307e-01,1.156476256946298964e+00
8.650000000000000000e+02,9.631972952603800042e-01,7.836560217042738419e-01
8.660000000000000000e+02,1.478013340653904217e-01,1.442846113746738990e+00
8.670000000000000000e+02,2.569166436866691106e-01,1.218397073129936947e+00
8.680000000000000000e+02,8.735568272907714427e-01,6.558035435326188267e-01
8.690000000000000000e+02,4.918922317083445073e-01,7.472893279583933124e-01
8.700000000000000000e+02,8.989610922270316884e-01,1.311374531340477878e-01
8.710000000000000000e+02,1.855178975231762672e-01,1.656390750859302319e+00
8.720000000000000000e+02,5.326685874713606994e-01,4.680061905888381890e-01
8.730000000000000000e+02,3.262696326493723653e-01,4.374157756771723804e-02
8.740000000000000000e+02,3.165425598924760386e-01,1.165863522653537210e+00
8.750000000000000000e+02,4.468769639461991350e-01,2.329141282745553099e+00
8.760000000000000000e+02,4.330774491012684413e-01,9.516553762201803712e-01
8.770000000000000000e+02,3.573468796779544210e-01,3.918987430483100720e-01
8.780000000000000000e+02,9.149707703156185756e-01,1.403896020835973868e+00
8.790000000000000000e+02,7.317441854328927686e-01,2.936712462402551793e+00
8.800000000000000000e+02,7.275469913315296688e-01,-4.519055294317473326e-01
8.810000000000000000e+02,2.899134495919554189e-01,1.382202787785293596e+00
8.820000000000000000e+02,5.777094243168403587e-01,1.205086625231853725e+00
8.830000000000000000e+02,7.791794333018340346e-01,2.161533803559117395e+00
8.840000000000000000e+02,7.955903685432130779e-01,1.990909173684845213e+00
8.850000000000000000e+02,3.445304607543122621e-01,8.132908881902207732e-01
8.860000000000000000e+02,7.708727565686478433e-01,-6.845172554248828423e-01
8.870000000000000000e+02,7.358938968077329834e-01,1.806563767896259609e+00
8.880000000000000000e+02,1.415064856219002687e-01,1.648073098085168775e-01
8.890000000000000000e+02,8.659454685664772500e-01,5.325958904281047346e-02
8.900000000000000000e+02,4.413214701804107909e-01,2.148350580691126055e+00
8.910000000000000000e+02,4.864104488886654698e-01,8.914962236134749141e-02
8.920000000000000000e+02,4.483691788979973225e-01,2.402844740100243293e+00
8.930000000000000000e+02,5.678460014775075226e-01,1.335844721405313074e+00
8.940000000000000000e+02,6.211692473670546999e-01,1.319118400086282339e+00
8.950000000000000000e+02,4.981795657629434215e-01,1.307264780505591029e+00
8.960000000000000000e+02,8.667885432590956007e-01,-6.384236257417921223e-01
8.970000000000000000e+02,6.277347561952844046e-01,-7.763886163465758550e-01
8.980000000000000000e+02,4.014279493055199488e-01,1.215553053788684723e+00
8.990000000000000000e+02,4.166917569087109641e-01,1.568007359226420094e+00
9.000000000000000000e+02,8.108386151289513899e-01,1.082611032156201025e+00
9.010000000000000000e+02,3.481919427465201000e-01,1.784654829804724896e-01
9.020000000000000000e+02,2.114547957824135516e-01,1.018922103882194730e+00
9.030000000000000000e+02,5.938318800578923362e-02,9.179658468545158767e-01
9.040000000000000000e+02,8.760268479205741698e-01,4.284190172458968160e-02
9.050000000000000000e+02,9.185464511903499440e-01,2.013972154112161128e+00
9.060000000000000000e+02,1.201201821634759748e-01,-7.302760615500858421e-01
9.070000000000000000e+02,3.344737414961148625e-01,1.588742406807506446e+00
9.080000000000000000e+02,1.753720695152438669e-01,1.384323405211245195e+00
9.090000000000000000e+02,1.158984688258797302e-01,2.009711854811714105e+00
9.100000000000000000e+02,8.998667430000302225e-01,-5.311872348858770465e-03
9.110000000000000000e+02,5.687725914535546323e-02,1.101407146668210935e+00
9.120000000000000000e+02,9.804856634690067851e-01,3.171164949318165949e+00
9.130000000000000000e+02,9.645086069738417756e-02,1.662074288999706440e+00
9.140000000000000000e+02,8.634706491935857375e-01,1.100581208728963256e+00
9.150000000000000000e+02,5.665061069891627055e-01,1.539161274114196676e+00
9.160000000000000000e+02,3.679174878178733676e-01,1.086176842380119911e+00
9.170000000000000000e+02,3.423423766251578737e-01,3.190898013239840125e+00
9.180000000000000000e+02,7.573641432377087312e-01,1.983636195789179490e+00
9.190000000000000000e+02,3.145732950042872123e-01,9.143850457695028577e-01
9.200000000000000000e+02,6.573189166171418130e-01,1.252331431384521299e+00
9.210000000000000000e+02,5.173260835160801152e-01,6.092020039189864899e-01
9.220000000000000000e+02,4.849656451580705019e-01,2.209850126410304760e+00
9.230000000000000000e+02,9.011621706491615980e-01,-4.061047713910108659e-01
9.240000000000000000e+02,5.546450586202595900e-01,-6.047385298609870841e-01
9.250000000000000000e+02,8.268616030486949375e-01,2.458714749675993794e+00
9.260000000000000000e+02,7.255735341014893924e-01,3.153119792570582725e+00
9.270000000000000000e+02,3.855724605899835122e-02,1.468304907689591765e+00
9.280000000000000000e+02,7.731100525054191985e-01,1.112737941235737216e+00
9.290000000000000000e+02,2.168702500910406616e-01,1.657267690304777386e+00
9.300000000000000000e+02,9.031496468515715081e-01,3.529464736172407413e-01
9.310000000000000000e+02,4.292419060883201354e-02,1.171243545152212517e+00
9.320000000000000000e+02,3.330720344743187677e-01,1.038908705856214976e+00
9.330000000000000000e+02,9.973294723475401025e-02,1.626564250745360596e+00
9.340000000000000000e+02,4.755891170848437488e-01,-5.579985281833963473e-01
9.350000000000000000e+02,8.200224358697517646e-01,4.929652302346625437e-01
9.360000000000000000e+02,2.981873596630640888e-01,1.844995603000837203e+00
9.370000000000000000e+02,1.509348973110415937e-01,3.244061723699369626e-01
9.380000000000000000e+02,3.302670356968991916e-01,6.638624576864593507e-03
9.390000000000000000e+02,8.138801419206359578e-01,3.042072149826954064e+00
9.400000000000000000e+02,1.403839577993468701e-01,1.038118000179400369e+00
9.410000000000000000e+02,2.273624490775018048e-01,4.210818600567921566e-01
9.420000000000000000e+02,6.885196449337394053e-02,-6.923704374741084244e-01
9.430000000000000000e+02,7.057100439896076827e-01,1.729346346280426161e+00
9.440000000000000000e+02,3.952332435363368202e-01,1.699136153718693754e+00
9.450000000000000000e+02,3.108399771433160153e-01,7.012403994300639987e-01
9.460000000000000000e+02,7.186263903411519438e-01,-1.022301909070906234e-01
9.470000000000000000e+02,3.359775423402552308e-01,9.754505763576210020e-01
9.480000000000000000e+02,7.277712732144180352e-01,1.641439325183786657e-01
9.490000000000000000e+02,8.151993953143135130e-01,5.790641112688410530e-02
9.500000000000000000e+02,2.176628434577384530e-01,8.967872485382923919e-01
9.510000000000000000e+02,9.738186968459833226e-01,-5.139039866006456236e-02
9.520000000000000000e+02,1.623579479126667779e-01,1.246648955252446234e+00
9.530000000000000000e+02,2.908409066567425594e-01,1.607992509406397375e+00
9.540000000000000000e+02,1.797952908335416211e-01,1.603675528268085904e-01
9.550000000000000000e+02,3.455056563563344563e-01,-3.682450953383906711e-01
9.560000000000000000e+02,4.800608878207556218e-01,2.561279598955807035e+00
9.570000000000000000e+02,5.221758690021190974e-01,5.972976404279517482e-02
9.580000000000000000e+02,8.536060422962720162e-01,3.400572948976623433e-01
9.590000000000000000e+02,8.894479088158665503e-01,1.213017167429887300e+00
9.600000000000000000e+02,2.201038607809063796e-01,1.599369372522297050e+00
9.610000000000000000e+02,6.228940321857524554e-01,7.436831063103572781e-01
9.620000000000000000e+02,1.114960572987155896e-01,1.460794327701255613e+00
9.630000000000000000e+02,4.589698601820683121e-01,5.990138421035989813e-01
9.640000000000000000e+02,3.223335380466181288e-01,2.882933517560926084e-02
9.650000000000000000e+02,3.165007454536064024e-01,2.426316860787027352e+00
9.660000000000000000e+02,4.825842417121010142e-01,3.488441614331128093e+00
9.670000000000000000e+02,7.298276355292675488e-01,2.695969533014169528e+00
9.680000000000000000e+02,6.918265879238949534e-02,1.141806639153454483e+00
9.690000000000000000e+02,8.791733376874044659e-01,2.833435361815678455e+00
9.700000000000000000e+02,7.348137746305610785e-01,1.355703515723984509e+00
9.710000000000000000e+02,1.764993888890601381e-01,5.227137295967706487e-01
9.720000000000000000e+02,9.391609090873703769e-01,1.466379574381978745e+00
9.730000000000000000e+02,5.063122240233886018e-01,9.056074935888149824e-01
9.740000000000000000e+02,9.998085781169653297e-01,1.688181625429230337e-02
9.750000000000000000e+02,1.972594743007376472e-01,1.016780285679840246e-01
9.760000000000000000e+02,5.349081983832013609e-01,1.802051738740515940e+00
9.770000000000000000e+02,2.902480425599284208e-01,-8.465319816646730278e-01
9.780000000000000000e+02,3.041735573892465627e-01,1.604136740442684061e+00
9.790000000000000000e+02,5.910653808339901838e-01,-6.295836027484382758e-01
9.800000000000000000e+02,9.217190668708332701e-01,-1.121176444902435954e+00
9.810000000000000000e+02,8.052638555791750141e-01,-8.388466037584985102e-01
9.820000000000000000e+02,7.239413985013258834e-01,2.966763971934740063e+00
9.830000000000000000e+02,5.591737821017022103e-01,8.037660350564579392e-01
9.840000000000000000e+02,9.222985036674477000e-01,1.086583180165419105e+00
9.850000000000000000e+02,4.923614066908841291e-01,2.419255045910951196e+00
9.860000000000000000e+02,8.738321783347181571e-01,1.934179748499724738e+00
9.870000000000000000e+02,8.339816438766317619e-01,-3.915052694042195913e-01
9.880000000000000000e+02,2.138353468015865566e-01,1.869006342818761102e+00
9.890000000000000000e+02,7.712254629659102134e-01,1.184181264703546343e+00
9.900000000000000000e+02,1.217115694325876518e-02,6.583219024041193634e-01
9.910000000000000000e+02,3.228295375480875196e-01,1.024290914137780284e+00
9.920000000000000000e+02,2.295674446919497846e-01,2.279812020628021685e+00
9.930000000000000000e+02,5.068629584873134419e-01,1.140335179590471482e-01
9.940000000000000000e+02,7.368531616807855178e-01,1.400885679104121095e+00
9.950000000000000000e+02,9.767636744772412172e-02,9.903427634670916024e-01
9.960000000000000000e+02,5.149222019367684089e-01,-7.971646153956184477e-01
9.970000000000000000e+02,9.384120216943856452e-01,1.977468282691892121e-01
9.980000000000000000e+02,2.286465509829455067e-01,1.193213553233696489e+00
9.990000000000000000e+02,6.771411441114241203e-01,2.297342089092890838e+00
